{"train_loss": [1.6390636487364978, 1.036904041679742, 0.8802249952760667, 0.7965134251180119, 0.7484449723420135, 0.7161781014468241, 0.6913612566589269, 0.6629347870903282, 0.6419069745153657, 0.6367279708801555, 0.622163840561429, 0.6092673198402864, 0.6019159252210854, 0.5959496428933235, 0.5848312725883504, 0.5811956458274815, 0.5724204733941776, 0.5636916333260128, 0.5592194832536355, 0.5564137585396126], "test_loss": [0.7460523183439293, 0.5626435536964267, 0.4965931212200838, 0.48123059421777725, 0.43472464543347267, 0.419461620935038, 0.40274200215935707, 0.3878682426670018, 0.383254021990533, 0.38597692527315197, 0.3684020719545729, 0.36612514435660604, 0.359053397076387, 0.3503438256973145, 0.35154521209644335, 0.34123632713567975, 0.34257813477340865, 0.331970227553564, 0.3298419356053951, 0.34001410957060607], "train_acc": [43.69548302551292, 66.46736830610044, 72.12007043695483, 74.80650313280643, 76.35857324214751, 77.38782641931829, 78.24508238120589, 79.27979578743329, 79.98962556479245, 80.1793685245096, 80.46603054998157, 80.97792702403866, 81.44204649385041, 81.45842718102024, 81.89934067734141, 81.8938804482848, 82.29793739847386, 82.57231390856846, 82.6542173444176, 82.79481824262528], "test_acc": [77.42778119237862, 83.19760295021511, 85.32191149354641, 85.80593116164721, 87.12738168408113, 88.02627535341118, 88.40273509526736, 89.02888752304855, 88.62937922556853, 88.88675476336816, 89.67808850645359, 89.53211432083589, 89.78564843269822, 89.970036877689, 90.29271665642287, 90.38106945298095, 90.35033804548249, 90.66917639827903, 90.66917639827903, 91.00338045482484]}