{"train_loss": [1.2722295788986313, 0.5867080998462324, 0.4800933126171638, 0.4190376544498024, 0.3821861604277376, 0.35506772833760913, 0.33313300110802807, 0.3138258684732111, 0.297895652591454, 0.2847001569745428, 0.2702726049390971, 0.2585393065947513, 0.24728279471085335, 0.23666186642428344, 0.2269800643178181, 0.21882524948573653, 0.2105932385769606, 0.2011862466563625, 0.19361394826472325, 0.18619160156495493], "test_loss": [0.6995880006282937, 0.5761997210336667, 0.5236837558594405, 0.46849983331619527, 0.4380795995102209, 0.4383636572781731, 0.4270629033300222, 0.4178243332049426, 0.4257370993202808, 0.4106040922011815, 0.42307239719757844, 0.42435959427087916, 0.4120723988641711, 0.4205387859952216, 0.42779632869596573, 0.4345182485001929, 0.4326441401944441, 0.44999442877722723, 0.44384220527375445, 0.43835728345256225], "train_acc": [57.41430853024284, 82.81938927338001, 85.92352949206219, 87.60801015602604, 88.65364402036666, 89.37302919857488, 90.08149391866989, 90.58520004914206, 91.12576272574634, 91.47248727084101, 91.87108399197346, 92.261490369521, 92.59456434197415, 92.90443234093671, 93.2129352826351, 93.3903927269749, 93.6019766029185, 93.96508183518299, 94.16847536754167, 94.47424819471176], "test_acc": [80.59311616472034, 83.71619545175169, 85.04917025199754, 86.52043638598647, 87.2118930547019, 87.16963736939152, 87.51920712968654, 87.99938537185002, 87.98017824216349, 88.09157959434542, 88.0762138905962, 88.16456668715428, 88.30669944683467, 88.45267363245236, 88.4181007990166, 88.1299938537185, 88.36432083589429, 88.13383527965581, 88.66779348494161, 88.70236631837739]}