{"train_loss": [1.3011972049664036, 0.4267919065128446, 0.32258168827696826, 0.28195635793668855, 0.2529022560355759, 0.2283010307185833, 0.20774465172598708, 0.1932921900656107, 0.18033312021853828, 0.1664862902818758, 0.15945045839845615, 0.1459951238356446, 0.13815161764920797, 0.13148999279186155, 0.12580093281444352, 0.11732343978607737, 0.11380787147940453, 0.10695745767359126, 0.10347847562985427, 0.10139188692656331], "test_loss": [0.49560525881893497, 0.3192901062030418, 0.265429948584414, 0.2497281389785748, 0.24312380332426697, 0.23558575108501256, 0.24834336913829924, 0.22810482834557108, 0.2351744665271219, 0.2342851655009915, 0.21693982277065516, 0.24397817551724466, 0.23546520359448941, 0.24958866330630639, 0.2359166227135004, 0.26924952148806813, 0.2486174690409326, 0.27153643618757817, 0.2780873191122915, 0.28169972979116675], "train_acc": [54.96130062656128, 87.01148013159153, 90.4869159261231, 91.85197319027533, 92.70922915216293, 93.42997938763531, 93.95825654886222, 94.32682201018332, 94.75818010565543, 95.08852396358027, 95.27007657971252, 95.70143467518463, 95.86933671867534, 96.0850157664114, 96.22561666461908, 96.32663090216634, 96.55459546527977, 96.68837107716669, 96.79894071556302, 96.82897197537437], "test_acc": [84.47679778733865, 90.54240934234788, 92.440073755378, 92.98555623847572, 93.19683466502765, 93.43116164720344, 93.1200061462815, 93.8421942224954, 93.83066994468346, 94.05347264904732, 94.19560540872772, 93.92286416717886, 93.94975414874001, 93.73847572218807, 94.11493546404425, 93.67317148125385, 94.04578979717272, 93.76536570374923, 94.10341118623234, 93.76920712968654]}