{"train_loss": [1.7441350254920973, 0.7735463164447698, 0.5393496510974192, 0.43593040194498933, 0.37756610439397903, 0.33651863717283875, 0.3044596586187889, 0.2818252549719644, 0.261421653612746, 0.24403298858156586, 0.22556288987658202, 0.2137123840693612, 0.19742743086466408, 0.18410454389442532, 0.16925221391633335, 0.17265321798687622, 0.14859753974549225, 0.13749148674231237, 0.1339972017830267, 0.12555390239138983], "test_loss": [1.0204026500384014, 0.6656272836467799, 0.5005542336433542, 0.449999439000499, 0.42000098278125125, 0.43021977831627806, 0.37757183596783994, 0.3586154777337523, 0.3492668072382609, 0.34187425008299305, 0.356914728587749, 0.3799934572010648, 0.34389786641387377, 0.3255628885737821, 0.36017901998232393, 0.3332255761705193, 0.3172863710890798, 0.33982637970178736, 0.36923373322568687, 0.3614717068187162], "train_acc": [39.22219037088606, 75.30065386242953, 83.18249450564451, 86.69888201810066, 88.64408861951759, 89.8781003863112, 90.88960781904801, 91.65267482970911, 92.29425174386066, 92.81843373329511, 93.34398077999371, 93.70435589772991, 94.13161882140956, 94.58891300490056, 95.08306373452366, 94.94519295084429, 95.66867330084497, 95.9307642955622, 96.00174727329812, 96.27066355433611], "test_acc": [66.8600184388445, 79.01429010448679, 84.5459434542102, 86.3360479409957, 87.38859864781807, 87.2118930547019, 88.71773202212661, 89.25553165334972, 89.59741856177013, 90.0660725261217, 89.56668715427166, 89.43992009834051, 89.88552550706822, 90.71143208358943, 90.04686539643515, 90.47710510141364, 90.98417332513829, 90.81515058389674, 90.33497234173325, 90.52320221266135]}