{"train_loss": [0.5762330600000385, 0.24355875558982137, 0.1887277442357303, 0.15597407277966044, 0.12601732855327882, 0.09917099339916756, 0.0788111249748845, 0.06493168851331423, 0.04975075318102593, 0.03958840943839609, 0.03307697850892671, 0.03218558847694536, 0.022330925098163635, 0.02508382307706656, 0.01993331493861424, 0.018868413518335715, 0.01906314515950602, 0.015396129946167961, 0.01815322973529961, 0.01209756867441712], "test_loss": [0.3365781442718763, 0.22625783761488458, 0.21708133066182628, 0.22109864635721727, 0.20419146001850272, 0.19933533654822147, 0.25431453926013964, 0.27936521183480234, 0.26430320569460153, 0.29870276781273825, 0.29852240101671684, 0.2789128328691803, 0.3029754138825571, 0.3420836511615883, 0.30961138119592385, 0.31130179481617376, 0.33545972085466574, 0.3386600902669278, 0.31055799269519163, 0.3108201932855973], "train_acc": [81.40382489045416, 92.91398774178577, 94.50973968357972, 95.49258091376933, 96.33482124575126, 97.11426894358219, 97.63435576122419, 97.99336582169622, 98.36875656933809, 98.67725951103648, 98.897033730565, 98.92023970405559, 99.26969436367855, 99.15366449622562, 99.37343871575412, 99.37207365848997, 99.38162905933903, 99.52905524386748, 99.40346997556547, 99.61778396603738], "test_acc": [89.71266133988937, 93.39274738783037, 93.87292562999386, 93.77304855562384, 94.27243392747388, 94.8179164105716, 93.68469575906576, 93.20835894283958, 94.01505838967425, 93.700061462815, 93.56561155500921, 94.24170251997542, 94.20712968653964, 93.6578057775046, 94.12261831591887, 94.31084818684695, 94.23786109403811, 94.27627535341118, 94.3799938537185, 94.4721880762139]}