{"train_loss": [0.948153999723481, 0.49192438715415476, 0.4081416113162332, 0.3590715537936692, 0.3221775922163619, 0.29256030908065733, 0.26947190651562825, 0.24517672151379144, 0.22414653753474953, 0.20619980693123519, 0.1897560507124111, 0.17646581313554946, 0.16141663987781157, 0.1495375887768743, 0.14041756491386453, 0.1335545469036433, 0.12529395193992798, 0.1158649553731734, 0.11251451823710876, 0.10359881067710293], "test_loss": [0.5404446909532827, 0.44272991225999947, 0.40536480740297076, 0.37605682687432157, 0.3687288672024128, 0.35605074286314786, 0.35595112834490983, 0.3573339347745858, 0.3559130610277255, 0.3666398006984416, 0.3746657975602384, 0.37597417802202937, 0.3885848947307643, 0.4041077872628675, 0.40128150100217147, 0.4328048189773279, 0.4380681147324104, 0.44470833373420376, 0.4596648129689343, 0.4682458991221353], "train_acc": [69.48004968808442, 85.3775065864013, 87.87965655159233, 89.19966692602755, 90.34494997065127, 91.15442892829354, 91.79054561338849, 92.53450182235144, 93.21703045442756, 93.67705475244686, 94.05108044282457, 94.29815580763614, 94.91652674829709, 95.18953820112753, 95.45981953942967, 95.65502272820345, 95.85978131782629, 96.07819048009064, 96.20923597744925, 96.51773891914766], "test_acc": [84.92240319606638, 87.11969883220651, 88.26828518746159, 89.44760295021511, 89.22864167178857, 89.79717271051014, 90.12369391518132, 89.96235402581438, 90.37338660110633, 90.3580208973571, 90.49631223110019, 90.61539643515673, 90.68454210202827, 90.58850645359557, 90.74984634296251, 90.52320221266135, 90.55393362015981, 90.59234787953288, 90.54240934234788, 90.55393362015981]}